method,score,mse,mape
linear,0.9466155583688017,0.052035912987189695,3.5864667109071093
