method,score,mse,mape
rand_for,0.977951848607027,0.02247727433092661,0.31742925638674196
