method,score,mse,mape
xgb_rand,0.9711719678808575,0.02938911180414191,0.38732565652882245
