method,score,mse,mape
xgboost,0.980643761407019,0.01973296886050802,0.1909288671215535
