method,score,mse,mape
lin_reg,0.8773709597872481,0.12501576792867747,0.9143282740933056
