method,score,mse,mape
reg_tree,0.9691117869707964,0.03148938999352072,0.5493462526787075
