method,score,mse,mape
linear,0.8773709597872481,0.1250157679286775,0.9143282740933051
