method,score,mse,mape
xgb_rand,0.9809007219365016,0.01947100711095104,0.17820852493278197
