method,score,mse,mape
catboost,0.9821763415523633,0.018170560123963595,0.13515656901024903
