method,score,mse,mape
reg_tree,0.9691052949575949,0.03149600836070662,0.5506646030615956
