method,score,mse,mape
linear,0.8510448622329982,0.14535814647693748,1.9015984255874305
