method,score,mse,mape
rand_for,0.98177367593637,0.01778619202193217,0.514356596775124
