method,score,mse,mape
lin_reg,0.8510448622329982,0.14535814647693746,1.9015984255874296
