method,score,mse,mape
catboost,0.9917728639987528,0.008028465871553848,0.2603919790083394
