method,score,mse,mape
rand_for,0.9816981945274061,0.017859850694368292,0.5052197141086201
