method,score,mse,mape
xgb_rand,0.9879841068727722,0.011725731515020883,0.2982761605414513
