method,score,mse,mape
reg_tree,0.9493798789067242,0.049397738720944856,0.9250583502245513
