method,score,mse,mape
xgboost,0.9859184809882062,0.013741476351999628,0.42445338187070336
