method,score,mse,mape
cat_rand,0.9916114023322515,0.008186028537209697,0.26899455696736674
