method,score,mse,mape
reg_tree,0.9516213118671868,0.047210432224039714,0.954881564442748
