method,score,mse,mape
xgb_rand,0.9786366421190927,0.02084747227013797,0.4949493682839242
