method,score,mse,mape
rand_for,0.9781085162330752,0.022317557484525522,0.3159411961777128
