method,score,mse,mape
catboost,0.9821872228882668,0.018159467004734243,0.12040229673483452
