method,score,mse,mape
xgboost,0.9806413846450515,0.01973539188136867,0.19101071685976595
