method,score,mse,mape
xgb_rand,0.9775228650128529,0.022914607228268356,0.29580600507255095
