method,score,mse,mape
cat_rand,0.981849325201333,0.018503941190784044,0.16193033985397165
