method,score,mse,mape
xgb_rand,0.9859925886749447,0.013653574236512853,2.0203033348823243
