method,score,mse,mape
reg_tree,0.9702363188742823,0.02901182955018843,2.194690470143011
