method,score,mse,mape
lin_reg,0.8858556423459248,0.11126099068150533,4.135917126011937
