method,score,mse,mape
catboost,0.9959042069491438,0.003992330429908107,0.8285590670432982
