method,score,mse,mape
reg_tree,0.9693377756634971,0.029887674925787963,1.9799173541875772
