method,score,mse,mape
rand_for,0.9891440921890982,0.010581679923667315,0.7230137737418436
