method,score,mse,mape
xgb_rand,0.9937014252663584,0.006139468293914822,0.8918635064445228
