method,score,mse,mape
xgboost,0.9920645815850061,0.007734964149521946,0.7354301778912613
