method,score,mse,mape
dec_tree,0.97015591371869,0.029090203614846138,2.093196209271664
