method,score,mse,mape
rand_for,0.9889966128962885,0.010725433785533579,0.5718558128126117
