score,mse,mape
0.7253455570515654,0.3163313198789897,1.7149396944604265
