method,score,mse,mape
rand_for,0.8311358226324127,0.19448812672947577,0.33756593383296624
