method,score,mse,mape
xgb_rand,0.8312601414439645,0.19434494341402736,0.3661757684164521
