method,score,mse,mape
xgboost,0.8330872234799156,0.1922406145498914,0.24761252610472484
