method,score,mse,mape
cat_rand,0.8332799954298247,0.19201859081455405,0.19697339742635744
