method,score,mse,mape
reg_tree,0.8224260070485235,0.2045195954724428,0.4391755000764872
