method,score,mse,mape
catboost,0.8348215387881811,0.19024312911087754,0.19268235616992602
