method,score,mse,mape
xgb_rand,0.8335224884913275,0.19173930113919616,0.21746448109298486
