method,score,mse,mape
reg_tree,0.821565260297318,0.20551095447966458,0.43619588798481573
