method,score,mse,mape
xgboost,0.8330863830261093,0.19224158253664234,0.24759455248847093
