method,score,mse,mape
catboost,0.834710469341085,0.19037105256414838,0.1897926607587488
