method,score,mse,mape
rand_for,0.8311407491901217,0.19448245260133917,0.312343162336149
