method,score,mse,mape
cat_rand,0.9972037689647235,0.0028405015534047596,0.26315677531172976
