method,score,mse,mape
catboost,0.9981828985758976,0.0018458701561999559,0.21656776378464646
