method,score,mse,mape
catboost,0.9982576275708201,0.0017699580361054637,0.19069959730586777
