method,score,mse,mape
rand_for,0.9897025144201027,0.010460517538376147,0.5740137651463729
