method,score,mse,mape
xgb_rand,0.9959117627986227,0.004152963032988839,0.3159615751061627
