method,score,mse,mape
reg_tree,0.9725499578474699,0.027884636995876053,0.6695675372082682
