method,score,mse,mape
xgb_rand,0.9886812898234256,0.011497910377751943,0.47852164542979414
