method,score,mse,mape
xgboost,0.9952319576015437,0.004843531048991331,0.4285640247006668
