method,score,mse,mape
rand_for,0.9898820419234454,0.010278147717824627,0.573339541987352
