method,score,mse,mape
reg_tree,0.9723563382447309,0.02808132202490671,0.6878154271117332
