method,score,mse,mape
lin_reg,0.8985861871927244,0.10301941763094734,1.468986477368257
