method,score,mse,mape
linear,0.8985861871927244,0.10301941763094732,1.468986477368256
