method,score,mse,mape
dec_tree,0.9720071097666915,0.02843607956169442,0.6846712403457693
