method,score,mse,mape
xgboost,0.9952284704963718,0.004847073362746092,0.4285687707520735
