method,score,mse,mape
reg_tree,0.9722447542092344,0.028223486430206095,0.9050847286726478
