method,score,mse,mape
xgboost,0.9938645034574065,0.00623900450091047,0.447478995601391
