method,score,mse,mape
xgb_rand,0.9869609549019135,0.013259018319020897,0.4298878076597366
