method,score,mse,mape
catboost,0.9971350187705873,0.002913314458127684,0.31828074421491165
