method,score,mse,mape
lin_reg,0.8675511791321361,0.13468327849233735,1.6929687885829674
