method,score,mse,mape
cat_rand,0.9968582153854423,0.003194787612549283,0.18906920262190322
