method,score,mse,mape
linear,0.8675511791321361,0.13468327849233735,1.6929687885829618
