method,score,mse,mape
rand_for,0.9894222257557707,0.01075622497074471,0.5353935129031135
