method,score,mse,mape
reg_tree,0.9733596169498472,0.027089815567824648,0.7140191992839126
