method,score,mse,mape
rand_for,0.9893646255983469,0.010814796862836162,0.5933379932795791
