method,score,mse,mape
xgb_rand,0.9946875048699331,0.005402118768620896,0.33122300431662416
