method,score,mse,mape
xgboost,0.9938643826672893,0.006239127328799024,0.44833508371689346
