method,score,mse,mape
cat_rand,0.9952441763240558,0.0046356882159318425,0.57842393363951
